file,split,merchant,date,total,items_count
001.jpg,dev,HIGHLANDS COFFEE,2016-12-15,147000,3
002.jpg,dev,HIGHLANDS COFFEE,2017-04-18,78000,2
003.jpg,dev,HIGHLANDS COFFEE,2014-09-24,122000,3
004.jpg,dev,HIGHLANDS COFFEE,2017-03-14,78000,2
005.jpg,dev,HIGHLANDS COFFEE,2016-05-16,78000,2
006.jpg,dev,HIGHLANDS COFFEE,2020-03-15,94000,2
007.jpg,dev,HIGHLANDS COFFEE,2022-02-15,104000,3
008.jpg,dev,HIGHLANDS COFFEE,2017-01-21,98000,3
009.jpg,dev,HIGHLANDS COFFEE,2016-12-15,147000,3
010.jpg,dev,HIGHLANDS COFFEE,2018-11-04,69000,1
011.jpg,dev,HIGHLANDS COFFEE,2020-07-30,137000,3
012.jpg,dev,HIGHLANDS COFFEE,2017-09-18,113000,3
013.jpg,dev,HIGHLANDS COFFEE,2020-07-30,29000,1
014.jpg,dev,HIGHLANDS COFFEE,2018-11-02,78000,2
015.jpg,dev,DIM SUM CORNER HÀNG BÔNG,2021-11-02,303000,4
016.jpg,dev,PHUC LONG,2017-02-25,35000,4
017.jpg,dev,PHUC LONG,2016-12-08,35000,2
018.jpg,dev,CIRCLE K VIETNAM,2019-10-17,30000,5
019.jpg,dev,CIRCLE K VIETNAM,2018-12-27,52000,4
020.jpg,dev,PHUC LONG,2020-06-15,42300,4
021.jpg,test,PHUC LONG,2021-06-12,0,1
022.jpg,test,PHUC LONG,2016-02-26,136000,2
023.jpg,test,Phúc Long Centre Point,2017-02-24,105000,2
024.jpg,test,PHUC LONG,2020-07-20,65000,2
025.jpg,test,PHUC LONG,2016-12-06,65000,1
026.jpg,test,PHUC LONG,2019-10-23,72000,2
027.jpg,test,PHUC LONG,2019-04-12,55000,1
028.jpg,test,PHUC LONG,2019-12-06,90000,3
029.jpg,test,PHUC LONG,2016-03-12,39000,1
030.jpg,test,PHUC LONG,2021-05-18,54000,1
